,Unnamed: 0,start,end,duration,round_epochs,loss,accuracy,val_loss,val_accuracy,batch_size,lr,optimizer,units
0,262,08/16/21-231558,08/16/21-231723,85.0221014022827,1,0.000615219643805176,1.0,0.06491480022668839,0.9851999878883362,25,1.0,SGD_11,250
1,136,08/16/21-204747,08/16/21-205037,169.70998787879944,1,0.00016471414710395038,0.9999666810035706,0.09671096503734587,0.9850999712944032,15,5.0,Adadelta_5,250
2,329,08/17/21-001723,08/17/21-001847,84.3226761817932,1,0.0002973478694912046,1.0,0.07271460443735123,0.9850999712944032,30,1.0,Adagrad_6,250
3,335,08/17/21-002034,08/17/21-002148,73.67419004440308,1,0.00044852652354165906,1.0,0.06990516185760498,0.9848999977111816,30,1.0,SGD_12,250
4,306,08/17/21-000018,08/17/21-000151,93.08594012260436,1,7.395246939267963e-05,0.9999833106994628,0.10203994065523148,0.9846000075340272,30,0.01,Adamax_7,250
5,352,08/17/21-002856,08/17/21-003032,96.80786204338074,1,2.4008606487768706e-05,1.0,0.09092842042446136,0.9846000075340272,30,5.0,Adadelta_5,250
6,347,08/17/21-002708,08/17/21-002823,74.69219851493834,1,0.00019610628078226,1.0,0.07138807326555252,0.9846000075340272,30,2.0,SGD_12,250
7,203,08/16/21-221156,08/16/21-221346,109.91788816452026,1,0.00016764701285865158,0.9999833106994628,0.08156664669513702,0.9844999909400941,20,2.0,SGD_12,250
8,119,08/16/21-203355,08/16/21-203601,126.50907945632936,1,0.00017287427908740938,1.0,0.07821650058031082,0.9844999909400941,15,1.0,SGD_12,250
9,146,08/16/21-210200,08/16/21-210428,148.0642788410187,1,0.0008132039220072329,1.0,0.06304233521223067,0.9843999743461608,20,0.001,Adam_3,250
10,280,08/16/21-232657,08/16/21-232848,111.31017303466795,1,1.4735781405761374e-05,1.0,0.10284151881933212,0.9843999743461608,25,5.0,Adadelta_5,250
11,47,08/16/21-184427,08/16/21-184729,181.9602882862091,1,0.00011601105506997555,1.0,0.08269596844911575,0.9843000173568726,10,1.0,SGD_12,250
12,424,08/17/21-012508,08/17/21-012637,88.68780279159546,1,0.00015628551773261282,0.9999499917030334,0.09515642374753952,0.9843000173568726,35,5.0,Adadelta_5,250
13,208,08/16/21-221428,08/16/21-221645,137.7804453372955,1,4.166104918112977e-05,1.0,0.10036983340978622,0.9843000173568726,20,5.0,Adadelta_5,250
14,234,08/16/21-225402,08/16/21-225550,107.22003316879272,1,0.000144789824844338,0.9999666810035706,0.110268235206604,0.9843000173568726,25,0.01,Adamax_7,250
15,190,08/16/21-220047,08/16/21-220235,108.79857206344604,1,0.0003718164807651192,1.0,0.07237190008163452,0.9840999841690063,20,1.0,SGD_11,250
16,432,08/17/21-012936,08/17/21-013157,140.8855860233307,1,0.0008674773271195589,1.0,0.06520497798919678,0.9840999841690063,40,0.001,AdaBeliefOptimizer_1,250
17,90,08/16/21-195708,08/16/21-195951,162.5431833267212,1,0.00010916936298599468,0.9999833106994628,0.14078521728515625,0.9840999841690063,15,0.01,Adamax_7,250
18,419,08/17/21-012327,08/17/21-012437,70.48822283744813,1,0.0002091080968966708,1.0,0.07537217438220978,0.9840999841690063,35,2.0,SGD_12,250
19,407,08/17/21-011719,08/17/21-011829,70.08022189140321,1,0.0003475580015219748,1.0,0.07471054792404175,0.984000027179718,35,1.0,SGD_12,250
20,18,08/16/21-174453,08/16/21-174844,231.48490786552432,1,0.00010024547373177484,0.9999499917030334,0.12706923484802246,0.984000027179718,10,0.01,Adamax_7,250
21,490,08/17/21-021304,08/17/21-021408,63.393100261688225,1,0.000966736173722893,0.999916672706604,0.06711704283952713,0.984000027179718,40,2.0,SGD_11,250
22,1,08/16/21-163931,08/16/21-164700,448.78826308250433,1,0.0011920182732865214,0.9995166659355164,0.12131229043006896,0.984000027179718,10,0.001,AdaBeliefOptimizer_2,250
23,191,08/16/21-220236,08/16/21-220424,108.93488955497742,1,0.00047015069867484266,0.9999833106994628,0.07226980477571487,0.9839000105857848,20,1.0,SGD_12,250
24,196,08/16/21-220505,08/16/21-220724,138.63431024551392,1,0.003396899905055761,0.9991833567619324,0.07387302070856094,0.9839000105857848,20,2.0,Adadelta_5,250
25,295,08/16/21-234303,08/16/21-234530,147.2799210548401,1,0.00040206703124567866,0.999916672706604,0.10036489367485046,0.9839000105857848,30,0.001,Nadam_8,250
26,64,08/16/21-190056,08/16/21-190500,243.90592122077942,1,4.6099703467916706e-06,1.0,0.12070365995168685,0.9839000105857848,10,5.0,Adadelta_5,250
27,346,08/17/21-002552,08/17/21-002708,75.5717122554779,1,0.00027883247821591794,1.0,0.07646072655916214,0.9839000105857848,30,2.0,SGD_11,250
28,162,08/16/21-213354,08/16/21-213608,133.40431499481198,1,4.447302853805013e-05,0.9999833106994628,0.121840737760067,0.9837999939918518,20,0.01,Adamax_7,250
29,257,08/16/21-231347,08/16/21-231524,97.1062343120575,1,0.0002557008701842278,1.0,0.07416840642690659,0.9837999939918518,25,1.0,Adagrad_6,250
30,275,08/16/21-232454,08/16/21-232620,85.56309318542479,1,0.00010226840822724624,1.0,0.08077903836965561,0.9837999939918518,25,2.0,SGD_12,250
31,401,08/17/21-011423,08/17/21-011540,77.65490388870239,1,0.00016438646707683802,1.0,0.07758364081382751,0.9837999939918518,35,1.0,Adagrad_6,250
32,46,08/16/21-184123,08/16/21-184427,184.0615830421448,1,0.00014178591663949192,1.0,0.08036404103040695,0.9837999939918518,10,1.0,SGD_11,250
33,491,08/17/21-021408,08/17/21-021510,62.414002656936646,1,0.00026427590637467796,1.0,0.07807878404855728,0.9837999939918518,40,2.0,SGD_12,250
34,450,08/17/21-015201,08/17/21-015317,75.98682665824892,1,0.0003717545769177377,0.9998666644096376,0.10691653937101364,0.9836999773979188,40,0.01,Adamax_7,250
35,496,08/17/21-021540,08/17/21-021659,79.10171723365785,1,2.7997444703942165e-05,1.0,0.10055094957351683,0.9836999773979188,40,5.0,Adadelta_5,250
36,124,08/16/21-203649,08/16/21-203938,168.8508155345917,1,0.0022045818623155355,0.9995833039283752,0.0816708654165268,0.9836000204086304,15,2.0,Adadelta_5,250
37,378,08/17/21-005849,08/17/21-010014,85.61471462249756,1,8.684309250384104e-06,1.0,0.11401581019163133,0.9836000204086304,35,0.01,Adamax_7,250
38,268,08/16/21-231925,08/16/21-232116,111.12339568138123,1,0.0015523876063525677,0.9995833039283752,0.08117866516113281,0.9835000038146972,25,2.0,Adadelta_5,250
39,263,08/16/21-231723,08/16/21-231848,85.1305751800537,1,0.0006172836292535068,1.0,0.06634845584630966,0.9835000038146972,25,1.0,SGD_12,250
40,185,08/16/21-215807,08/16/21-220008,121.21477437019348,1,0.00017082619888242334,1.0,0.08241499960422516,0.9835000038146972,20,1.0,Adagrad_6,250
41,202,08/16/21-221004,08/16/21-221156,111.85207223892212,1,0.00013868574751541018,1.0,0.08373559266328813,0.9835000038146972,20,2.0,SGD_11,250
42,473,08/17/21-020557,08/17/21-020706,69.20827317237854,1,0.00029855815228074784,0.9999833106994628,0.07502856850624083,0.9835000038146972,40,1.0,Adagrad_6,250
43,7,08/16/21-165924,08/16/21-170604,399.9026398658752,1,0.004614470060914755,0.9983999729156494,0.09833448380231856,0.9833999872207642,10,0.001,Nadam_8,250
44,147,08/16/21-210428,08/16/21-210638,129.73940443992615,1,0.0006953126285225152,0.999750018119812,0.10001607984304428,0.9833999872207642,20,0.001,Adam_4,250
45,435,08/17/21-013527,08/17/21-013642,75.30074739456177,1,0.0005011308239772916,0.999916672706604,0.09786045551300047,0.9833999872207642,40,0.001,Adam_4,250
46,144,08/16/21-205346,08/16/21-205806,259.8854784965515,1,0.0006452989764511585,1.0,0.0660816952586174,0.9832999706268309,20,0.001,AdaBeliefOptimizer_1,250
47,412,08/17/21-011900,08/17/21-012028,88.3648841381073,1,0.005116135347634554,0.9987333416938782,0.07104191929101944,0.9832999706268309,35,2.0,Adadelta_5,250
48,363,08/17/21-004013,08/17/21-004137,84.11613583564757,1,0.00015744417032692581,1.0,0.10250724107027054,0.9832999706268309,35,0.001,Adam_4,250
49,79,08/16/21-192547,08/16/21-193021,273.64196467399603,1,0.004374697804450989,0.9983500242233276,0.08680066466331482,0.9832000136375428,15,0.001,Nadam_8,250
50,256,08/16/21-231156,08/16/21-231347,110.88720178604126,1,0.0064971325919032106,0.9986000061035156,0.06408983469009401,0.9832000136375428,25,1.0,Adadelta_5,250
51,334,08/17/21-001919,08/17/21-002034,74.72568464279175,1,0.0002741111966315657,1.0,0.07501529902219772,0.9832000136375428,30,1.0,SGD_11,250
52,145,08/16/21-205806,08/16/21-210200,234.42844533920288,1,0.001557087525725365,0.9994999766349792,0.10632312297821044,0.9832000136375428,20,0.001,AdaBeliefOptimizer_2,250
53,479,08/17/21-020836,08/17/21-020937,61.57629561424256,1,0.0005445406422950327,1.0,0.07561416923999786,0.9830999970436096,40,1.0,SGD_12,250
54,184,08/16/21-215550,08/16/21-215807,137.0704185962677,1,0.002268361859023571,0.9995999932289124,0.0785113126039505,0.9830999970436096,20,1.0,Adadelta_5,250
55,112,08/16/21-202552,08/16/21-202839,167.5473484992981,1,0.004456824157387018,0.9990166425704956,0.06981667131185533,0.9830999970436096,15,1.0,Adadelta_5,250
56,472,08/17/21-020439,08/17/21-020557,77.29333996772765,1,0.006593146361410618,0.9988999962806702,0.06288081407546997,0.9829999804496764,40,1.0,Adadelta_5,250
57,118,08/16/21-203147,08/16/21-203355,127.41672086715698,1,0.00047069636639207596,0.9999833106994628,0.07972955703735353,0.9829000234603882,15,1.0,SGD_11,250
58,218,08/16/21-222756,08/16/21-222957,120.31338477134705,1,0.0007383039337582886,1.0,0.06599162518978119,0.9829000234603882,25,0.001,Adam_3,250
59,74,08/16/21-191704,08/16/21-192009,185.1506021022797,1,0.0004304608155507594,1.0,0.07475216686725616,0.9829000234603882,15,0.001,Adam_3,250
60,0,08/16/21-163112,08/16/21-163931,499.55681252479553,1,0.00043866701889783133,1.0,0.06361571699380875,0.9829000234603882,10,0.001,AdaBeliefOptimizer_1,250
61,245,08/16/21-230623,08/16/21-230757,94.26819014549255,1,0.005032327491790056,0.9995333552360536,0.06225756928324699,0.9828000068664552,25,0.1,Adagrad_6,250
62,2,08/16/21-164700,08/16/21-165125,264.5285427570343,1,0.0005339713534340261,1.0,0.06826365739107132,0.9828000068664552,10,0.001,Adam_3,250
63,360,08/17/21-003343,08/17/21-003617,153.8322389125824,1,0.0011882147518917918,1.0,0.06707185506820679,0.9828000068664552,35,0.001,AdaBeliefOptimizer_1,250
64,29,08/16/21-181737,08/16/21-182103,206.02216172218326,1,0.0013822688488289714,1.0,0.06779393553733826,0.9828000068664552,10,0.1,Adagrad_6,250
65,290,08/16/21-233804,08/16/21-233947,102.66291499137878,1,0.00882737338542938,0.9986666440963744,0.06078359857201576,0.982699990272522,30,0.001,Adam_3,250
66,3,08/16/21-165125,08/16/21-165508,222.9518136978149,1,0.0013819716405123472,0.9995999932289124,0.10616128146648407,0.982699990272522,10,0.001,Adam_4,250
67,216,08/16/21-222115,08/16/21-222442,207.2133777141571,1,0.002417654730379581,0.9998499751091005,0.06265071034431458,0.982699990272522,25,0.001,AdaBeliefOptimizer_1,250
68,72,08/16/21-190628,08/16/21-191157,329.74885320663446,1,0.0006975496653467418,1.0,0.06804905086755753,0.982699990272522,15,0.001,AdaBeliefOptimizer_1,250
69,40,08/16/21-183253,08/16/21-183658,244.14711260795596,1,0.006725946441292764,0.9984333515167236,0.0788138136267662,0.982699990272522,10,1.0,Adadelta_5,250
70,439,08/17/21-013810,08/17/21-014005,115.50414681434631,1,0.0012688693823292851,0.9995833039283752,0.098658487200737,0.9825999736785888,40,0.001,Nadam_8,250
71,52,08/16/21-184831,08/16/21-185237,245.89919066429138,1,0.0014707449590787294,0.999750018119812,0.09656701236963272,0.9825999736785888,10,2.0,Adadelta_5,250
72,362,08/17/21-003839,08/17/21-004013,93.3988106250763,1,0.0021764300763607025,0.999833345413208,0.06430855393409729,0.9825999736785888,35,0.001,Adam_3,250
73,274,08/16/21-232329,08/16/21-232454,85.59852886199951,1,0.00012865215830970556,1.0,0.08577253669500351,0.9825999736785888,25,2.0,SGD_11,250
74,418,08/17/21-012216,08/17/21-012326,70.45960474014281,1,0.0003883885510731489,0.9999833106994628,0.07929170876741409,0.9825999736785888,35,2.0,SGD_11,250
75,317,08/17/21-001055,08/17/21-001217,81.80514883995056,1,0.004821999929845333,0.9997000098228456,0.06320676952600479,0.9825999736785888,30,0.1,Adagrad_6,250
76,101,08/16/21-201750,08/16/21-202011,140.31767177581787,1,0.002535713370889425,0.9999333620071412,0.061906706541776664,0.9825999736785888,15,0.1,Adagrad_6,250
77,406,08/17/21-011609,08/17/21-011719,69.42146921157837,1,0.0006655881879851223,1.0,0.06984792649745941,0.9825999736785888,35,1.0,SGD_11,250
78,113,08/16/21-202839,08/16/21-203103,143.961118221283,1,0.00011044187704101204,1.0,0.09321114420890808,0.9825999736785888,15,1.0,Adagrad_6,250
79,441,08/17/21-014154,08/17/21-014322,88.75806784629822,1,0.011168455705046655,0.9970666766166688,0.07608825713396072,0.9825000166893004,40,0.001,RMSprop_10,250
80,217,08/16/21-222442,08/16/21-222756,194.15012335777283,1,0.002987162442877889,0.9990333318710328,0.08921337127685547,0.9825000166893004,25,0.001,AdaBeliefOptimizer_2,250
81,219,08/16/21-222957,08/16/21-223142,105.45199608802795,1,0.00037358954432420427,0.9998666644096376,0.10898007452487946,0.9824000000953674,25,0.001,Adam_4,250
82,400,08/17/21-011255,08/17/21-011423,87.2431948184967,1,0.012991032563149927,0.9969333410263062,0.06343410909175873,0.9822999835014344,35,1.0,Adadelta_5,250
83,361,08/17/21-003617,08/17/21-003839,141.86340451240542,1,0.0019792693201452494,0.9993500113487244,0.08901891857385635,0.9822999835014344,35,0.001,AdaBeliefOptimizer_2,250
84,223,08/16/21-223342,08/16/21-223636,173.72189092636108,1,0.0010521643562242387,0.9996666908264159,0.11217009276151656,0.9822999835014344,25,0.001,Nadam_8,250
85,374,08/17/21-005424,08/17/21-005559,94.95617604255676,1,0.005512058734893799,0.9983166456222534,0.08704465627670288,0.9822999835014344,35,0.01,Adam_3,250
86,389,08/17/21-010822,08/17/21-010938,76.28780937194823,1,0.009761861525475979,0.9988666772842408,0.059568073600530624,0.9822999835014344,35,0.1,Adagrad_6,250
87,433,08/17/21-013157,08/17/21-013404,126.2612955570221,1,0.0018545248312875628,0.9995666742324828,0.09072665125131607,0.9822999835014344,40,0.001,AdaBeliefOptimizer_2,250
88,131,08/16/21-204452,08/16/21-204659,127.04058384895323,1,0.001914097461849451,0.9994666576385498,0.10088559240102768,0.982200026512146,15,2.0,SGD_12,250
89,291,08/16/21-233947,08/16/21-234119,91.82943105697632,1,0.0024665447417646646,0.9993500113487244,0.09168747812509537,0.982200026512146,30,0.001,Adam_4,250
90,151,08/16/21-210906,08/16/21-211236,210.31744837760925,1,0.002179417060688138,0.9994333386421204,0.08363030105829239,0.982200026512146,20,0.001,Nadam_8,250
91,328,08/17/21-001547,08/17/21-001722,95.68892502784729,1,0.0017607917543500664,0.9997166395187378,0.07538904994726181,0.982200026512146,30,1.0,Adadelta_5,250
92,340,08/17/21-002220,08/17/21-002356,95.79487538337708,1,0.008015981875360012,0.9983000159263612,0.06668153405189514,0.982200026512146,30,2.0,Adadelta_5,250
93,440,08/17/21-014005,08/17/21-014154,108.2798798084259,1,0.001925291959196329,0.9994999766349792,0.10785827785730362,0.9821000099182128,40,0.001,RMSprop_9,250
94,288,08/16/21-233223,08/16/21-233521,177.44719862937927,1,0.0011886034626513722,1.0,0.06584721803665161,0.9821000099182128,30,0.001,AdaBeliefOptimizer_1,250
95,434,08/17/21-013404,08/17/21-013527,83.4120032787323,1,0.0008699859026819468,1.0,0.07188624888658524,0.9821000099182128,40,0.001,Adam_3,250
96,75,08/16/21-192009,08/16/21-192245,155.93211364746094,1,0.0130273113027215,0.9961833357810974,0.06337009370326996,0.9819999933242798,15,0.001,Adam_4,250
97,484,08/17/21-021007,08/17/21-021126,78.28817343711853,1,0.006306145340204239,0.9985666871070862,0.0676405131816864,0.9818999767303468,40,2.0,Adadelta_5,250
98,367,08/17/21-004314,08/17/21-004523,129.78587555885315,1,0.0010756037663668394,0.9997000098228456,0.10594949871301652,0.9818999767303468,35,0.001,Nadam_8,250
99,478,08/17/21-020734,08/17/21-020836,61.837424516677856,1,0.0039051494095474477,0.9995499849319458,0.06947698444128036,0.9818999767303468,40,1.0,SGD_11,250
100,35,08/16/21-182847,08/16/21-183150,182.7531359195709,1,0.002554840408265591,0.9999333620071412,0.06948256492614746,0.9818999767303468,10,0.1,SGD_12,250
101,225,08/16/21-223921,08/16/21-224131,130.25490880012512,1,0.0039124321192502975,0.9991333484649658,0.12087997049093245,0.9818999767303468,25,0.001,RMSprop_10,250
102,78,08/16/21-192302,08/16/21-192547,165.2089786529541,1,0.012133635580539705,0.9976333379745485,0.06323365122079849,0.9817000031471252,15,0.001,Adamax_7,250
103,300,08/16/21-234950,08/16/21-235247,176.54814505577087,1,0.0072298943996429435,0.9975000023841858,0.08616116642951965,0.9817000031471252,30,0.01,AdaBeliefOptimizer_1,250
104,444,08/17/21-014333,08/17/21-014555,141.55728769302368,1,0.009349963627755642,0.996916651725769,0.08565492182970047,0.9817000031471252,40,0.01,AdaBeliefOptimizer_1,250
105,461,08/17/21-020033,08/17/21-020140,67.58941197395325,1,0.014174014329910278,0.997783362865448,0.0635162964463234,0.9817000031471252,40,0.1,Adagrad_6,250
106,485,08/17/21-021126,08/17/21-021236,70.52895283699036,1,0.0003940249443985522,1.0,0.09793505072593688,0.981599986553192,40,2.0,Adagrad_6,250
107,150,08/16/21-210653,08/16/21-210906,132.42806768417358,1,0.012997658923268318,0.997433304786682,0.0650213286280632,0.981599986553192,20,0.001,Adamax_7,250
108,224,08/16/21-223636,08/16/21-223921,164.3679955005646,1,0.002124563092365861,0.9993833303451538,0.1475016176700592,0.981599986553192,25,0.001,RMSprop_9,250
109,289,08/16/21-233521,08/16/21-233804,162.83980941772458,1,0.0011310902191326024,0.9996166825294496,0.10812197625637054,0.981599986553192,30,0.001,AdaBeliefOptimizer_2,250
110,73,08/16/21-191157,08/16/21-191704,306.29508996009827,1,0.0056364587508142,0.9980833530426024,0.08367919921875,0.9815000295639038,15,0.001,AdaBeliefOptimizer_2,250
111,368,08/17/21-004523,08/17/21-004726,122.84749126434326,1,0.01836108416318893,0.9947333335876464,0.07499969005584718,0.9815000295639038,35,0.001,RMSprop_9,250
112,107,08/16/21-202300,08/16/21-202505,124.15101218223572,1,0.014383302070200443,0.9970333576202391,0.06308814138174057,0.9815000295639038,15,0.1,SGD_12,250
113,446,08/17/21-014803,08/17/21-014929,86.25144982337952,1,0.0025383976753801107,0.9992333054542542,0.09681311994791032,0.9814000129699708,40,0.01,Adam_3,250
114,296,08/16/21-234530,08/16/21-234749,138.83198165893558,1,0.007460791151970625,0.998033344745636,0.09383928775787354,0.9814000129699708,30,0.001,RMSprop_9,250
115,297,08/16/21-234749,08/16/21-234939,109.78547883033752,1,0.002732450142502785,0.9994000196456908,0.10784582793712616,0.9814000129699708,30,0.001,RMSprop_10,250
116,6,08/16/21-165530,08/16/21-165924,234.41110038757324,1,0.01135107409209013,0.9975000023841858,0.06604447960853578,0.9814000129699708,10,0.001,Adamax_7,250
117,453,08/17/21-015704,08/17/21-015834,89.98713445663452,1,0.015173160471022127,0.997183322906494,0.2459680140018463,0.9812999963760376,40,0.01,RMSprop_10,250
118,80,08/16/21-193021,08/16/21-193437,256.47316145896906,1,0.014597941190004347,0.99631667137146,0.10771100968122482,0.9812999963760376,15,0.001,RMSprop_9,250
119,302,08/16/21-235529,08/16/21-235714,104.65872931480408,1,0.006231372710317372,0.998033344745636,0.0909772515296936,0.9812999963760376,30,0.01,Adam_3,250
120,438,08/17/21-013655,08/17/21-013810,74.86580061912538,1,0.016493935137987137,0.9964500069618224,0.06112951785326004,0.9811999797821044,40,0.001,Adamax_7,250
121,153,08/16/21-211553,08/16/21-211832,158.92772889137268,1,0.006610396783798933,0.9983000159263612,0.12924803793430328,0.9811999797821044,20,0.001,RMSprop_10,250
122,81,08/16/21-193437,08/16/21-193800,202.9055061340332,1,0.021591732278466225,0.9938166737556458,0.08233911544084549,0.9811000227928162,15,0.001,RMSprop_10,250
123,34,08/16/21-182546,08/16/21-182847,181.4236354827881,1,0.006047114729881287,0.9992166757583618,0.06721348315477371,0.9810000061988832,10,0.1,SGD_11,250
124,178,08/16/21-215132,08/16/21-215320,107.74892330169678,1,0.01624005101621151,0.9964166879653932,0.06628952920436859,0.9807999730110168,20,0.1,SGD_11,250
125,173,08/16/21-214853,08/16/21-215053,120.6225290298462,1,0.002906915731728077,0.999916672706604,0.06635436415672302,0.9807999730110168,20,0.1,Adagrad_6,250
126,294,08/16/21-234131,08/16/21-234303,91.83013463020323,1,0.014593996107578278,0.9972166419029236,0.06569378077983856,0.9807999730110168,30,0.001,Adamax_7,250
127,41,08/16/21-183658,08/16/21-184025,207.04283952713013,1,0.00033119998988695437,0.9999833106994628,0.10902740806341173,0.9807999730110168,10,1.0,Adagrad_6,250
128,130,08/16/21-204245,08/16/21-204452,127.25216054916382,1,0.007370497100055219,0.9973999857902528,0.09002768993377687,0.9807000160217284,15,2.0,SGD_11,250
129,366,08/17/21-004149,08/17/21-004313,84.50071454048155,1,0.018394598737359047,0.9959666728973388,0.06404918432235718,0.9807000160217284,35,0.001,Adamax_7,250
130,222,08/16/21-223156,08/16/21-223342,106.4004487991333,1,0.0162093136459589,0.9969333410263062,0.06347452104091644,0.9805999994277954,25,0.001,Adamax_7,250
131,152,08/16/21-211236,08/16/21-211553,196.6757211685181,1,0.0019713293295353647,0.9995166659355164,0.15860413014888766,0.9804999828338624,20,0.001,RMSprop_9,250
132,369,08/17/21-004726,08/17/21-004905,98.53416347503662,1,0.015419902279973032,0.9955833554267884,0.07937999069690704,0.9804000258445741,35,0.001,RMSprop_10,250
133,106,08/16/21-202054,08/16/21-202300,125.85841345787048,1,0.007401547860354184,0.9990833401679992,0.06807437539100647,0.9801999926567078,15,0.1,SGD_11,250
134,358,08/17/21-003109,08/17/21-003226,76.88101148605347,1,0.017337117344141006,0.9943166375160216,0.09551338106393814,0.9800999760627748,30,5.0,SGD_11,250
135,8,08/16/21-170604,08/16/21-171218,373.635721206665,1,0.03010563738644123,0.9919666647911072,0.11581026762723926,0.9800999760627748,10,0.001,RMSprop_9,250
136,413,08/17/21-012028,08/17/21-012147,78.84289121627808,1,0.001959006534889341,0.9995333552360536,0.10050040483474733,0.9800000190734864,35,2.0,Adagrad_6,250
137,372,08/17/21-004916,08/17/21-005156,159.61675357818604,1,0.010708021000027657,0.9965000152587892,0.09163536131381987,0.9800000190734864,35,0.01,AdaBeliefOptimizer_1,250
138,179,08/16/21-215320,08/16/21-215508,108.73331999778748,1,0.012632670812308788,0.9978500008583068,0.06643243134021759,0.9799000024795532,20,0.1,SGD_12,250
139,228,08/16/21-224144,08/16/21-224518,214.6095254421234,1,0.01524073164910078,0.9947500228881836,0.08536741882562637,0.97979998588562,25,0.01,AdaBeliefOptimizer_1,250
140,381,08/17/21-010433,08/17/21-010613,100.11163091659546,1,0.01675090566277504,0.9967166781425476,0.2667308747768402,0.97979998588562,35,0.01,RMSprop_10,250
141,9,08/16/21-171218,08/16/21-171711,293.2506911754608,1,0.015430751256644726,0.996916651725769,0.1463918685913086,0.9797000288963318,10,0.001,RMSprop_10,250
142,236,08/16/21-225845,08/16/21-230132,167.0731852054596,1,0.02890817821025848,0.9955999851226808,0.3499615490436554,0.9796000123023988,25,0.01,RMSprop_9,250
143,158,08/16/21-212705,08/16/21-212937,151.42962169647214,1,0.012110539712011814,0.9956499934196472,0.09621810168027878,0.9796000123023988,20,0.01,Adam_3,250
144,237,08/16/21-230133,08/16/21-230343,130.20762872695923,1,0.025093745440244675,0.9956166744232178,0.33869314193725586,0.9794999957084656,25,0.01,RMSprop_10,250
145,251,08/16/21-230955,08/16/21-231119,83.9744849205017,1,0.01981678418815136,0.9959999918937684,0.06723814457654953,0.9793999791145324,25,0.1,SGD_12,250
146,250,08/16/21-230832,08/16/21-230955,83.48388266563416,1,0.0255093052983284,0.9934499859809875,0.06611142307519913,0.9792000055313109,25,0.1,SGD_11,250
147,452,08/17/21-015513,08/17/21-015704,110.80928730964659,1,0.013542838394641876,0.9973999857902528,0.2648137509822845,0.979099988937378,40,0.01,RMSprop_9,250
148,322,08/17/21-001248,08/17/21-001401,73.07518267631532,1,0.030080923810601238,0.992383360862732,0.07057032734155655,0.979099988937378,30,0.1,SGD_11,250
149,308,08/17/21-000422,08/17/21-000642,140.5325186252594,1,0.01928152516484261,0.9966999888420104,0.34703421592712397,0.979099988937378,30,0.01,RMSprop_9,250
150,503,08/17/21-021837,08/17/21-021943,65.19327688217163,1,0.010375411249697208,0.9966333508491516,0.08743300288915634,0.979099988937378,40,5.0,SGD_12,250
151,230,08/16/21-224831,08/16/21-225034,122.74996829032898,1,0.010638429783284664,0.9964833259582521,0.08668354898691177,0.9789999723434448,25,0.01,Adam_3,250
152,309,08/17/21-000642,08/17/21-000836,113.585533618927,1,0.02455633506178856,0.99563330411911,0.2897453010082245,0.9789999723434448,30,0.01,RMSprop_10,250
153,269,08/16/21-232116,08/16/21-232254,98.11172485351562,1,0.019839927554130558,0.9937666654586792,0.09065815061330797,0.9789000153541564,25,2.0,Adagrad_6,250
154,93,08/16/21-200843,08/16/21-201204,200.95132970809937,1,0.045191138982772834,0.9942833185195924,0.3602622747421265,0.9786999821662904,15,0.01,RMSprop_10,250
155,323,08/17/21-001401,08/17/21-001514,73.0193545818329,1,0.030468598008155826,0.9922833442687988,0.07340184599161148,0.9785000085830688,30,0.1,SGD_12,250
156,380,08/17/21-010228,08/17/21-010433,124.59184432029724,1,0.03232361748814583,0.994949996471405,0.2834639549255371,0.9785000085830688,35,0.01,RMSprop_9,250
157,395,08/17/21-011116,08/17/21-011225,68.4149866104126,1,0.03417438641190529,0.9910500049591064,0.07081616669893265,0.9783999919891356,35,0.1,SGD_12,250
158,394,08/17/21-011007,08/17/21-011116,68.94987177848816,1,0.033950217068195336,0.99099999666214,0.07075478881597519,0.9782999753952026,35,0.1,SGD_11,250
159,502,08/17/21-021733,08/17/21-021837,63.940396070480354,1,0.009343721903860569,0.9970833063125609,0.09530667215585707,0.9782999753952026,40,5.0,SGD_11,250
160,84,08/16/21-193815,08/16/21-194346,331.17659473419184,1,0.020633691921830174,0.993333339691162,0.08754467964172362,0.9782999753952026,15,0.01,AdaBeliefOptimizer_1,250
161,341,08/17/21-002356,08/17/21-002522,85.49748539924622,1,0.007495246361941098,0.9977333545684814,0.10438147932291032,0.9781000018119812,30,2.0,Adagrad_6,250
162,59,08/16/21-185649,08/16/21-185954,184.05030059814453,1,0.016298852860927582,0.9946500062942504,0.11055631190538406,0.9778000116348268,10,2.0,SGD_12,250
163,21,08/16/21-180140,08/16/21-180629,288.9621155261993,1,0.08941520750522614,0.989216685295105,0.3629383742809296,0.9778000116348268,10,0.01,RMSprop_10,250
164,359,08/17/21-003226,08/17/21-003343,77.19405579566957,1,0.02999527007341385,0.9904000163078308,0.0956345722079277,0.9778000116348268,30,5.0,SGD_12,250
165,430,08/17/21-012712,08/17/21-012824,71.75868725776671,1,0.016752168536186218,0.9945666790008544,0.10165312141180037,0.9776999950408936,35,5.0,SGD_11,250
166,164,08/16/21-213942,08/16/21-214259,196.95631766319275,1,0.05572574585676193,0.9918166399002076,0.2982561886310577,0.9775999784469604,20,0.01,RMSprop_9,250
167,20,08/16/21-175527,08/16/21-180139,372.24695658683777,1,0.09025166183710097,0.9911166429519652,0.4557101428508759,0.9775999784469604,10,0.01,RMSprop_9,250
168,431,08/17/21-012824,08/17/21-012936,72.36349344253541,1,0.00961393676698208,0.9967166781425476,0.09727074950933456,0.977400004863739,35,5.0,SGD_12,250
169,287,08/16/21-233057,08/16/21-233223,86.69978976249695,1,0.023446407169103626,0.9919833540916444,0.10575538128614426,0.9771999716758728,25,5.0,SGD_12,250
170,86,08/16/21-194854,08/16/21-195201,187.20570945739743,1,0.023290367797017097,0.9923499822616576,0.09705158323049544,0.9769999980926514,15,0.01,Adam_3,250
171,92,08/16/21-200425,08/16/21-200843,258.1013286113739,1,0.0610964372754097,0.9930499792099,0.4230971336364746,0.9768999814987184,15,0.01,RMSprop_9,250
172,156,08/16/21-211846,08/16/21-212306,259.6935203075409,1,0.0217732060700655,0.9929833412170409,0.09168380498886107,0.9768999814987184,20,0.01,AdaBeliefOptimizer_1,250
173,58,08/16/21-185345,08/16/21-185649,183.97112846374512,1,0.019201505929231644,0.9935166835784912,0.11124972254037856,0.97680002450943,10,2.0,SGD_11,250
174,165,08/16/21-214259,08/16/21-214539,160.36257982254028,1,0.03490136191248894,0.9955000281333924,0.3814792335033417,0.97680002450943,20,0.01,RMSprop_10,250
175,12,08/16/21-171730,08/16/21-172540,489.743620634079,1,0.032258514314889915,0.989116668701172,0.10258101671934128,0.9767000079154968,10,0.01,AdaBeliefOptimizer_1,250
176,467,08/17/21-020309,08/17/21-020410,60.728110790252686,1,0.0418124683201313,0.9888333082199096,0.07500042021274568,0.9767000079154968,40,0.1,SGD_12,250
177,14,08/16/21-173305,08/16/21-173731,265.20219802856445,1,0.01930587738752365,0.9935500025749208,0.10885432362556458,0.9764999747276306,10,0.01,Adam_3,250
178,451,08/17/21-015317,08/17/21-015513,116.04853105545044,1,0.047109391540288925,0.9856166839599608,0.11534544825553895,0.975499987602234,40,0.01,Nadam_8,250
179,466,08/17/21-020208,08/17/21-020309,60.71154522895813,1,0.048455633223056786,0.9864833354949952,0.0806831568479538,0.975000023841858,40,0.1,SGD_11,250
180,375,08/17/21-005559,08/17/21-005727,87.75430512428284,1,0.044982966035604484,0.9862333536148072,0.12594401836395264,0.9746999740600586,35,0.01,Adam_4,250
181,214,08/16/21-221731,08/16/21-221922,110.8255922794342,1,0.03483271598815918,0.9886333346366882,0.10034313797950743,0.9745000004768372,20,5.0,SGD_11,250
182,379,08/17/21-010015,08/17/21-010228,133.2885148525238,1,0.05134579539299011,0.9841166734695436,0.1124015375971794,0.974399983882904,35,0.01,Nadam_8,250
183,197,08/16/21-220724,08/16/21-220926,121.97336459159851,1,0.02157469466328621,0.993316650390625,0.10473567992448808,0.974399983882904,20,2.0,Adagrad_6,250
184,215,08/16/21-221922,08/16/21-222114,112.4105372428894,1,0.04408955574035645,0.9862999916076659,0.10705690830945967,0.9739999771118164,20,5.0,SGD_12,250
185,447,08/17/21-014929,08/17/21-015047,77.60290265083312,1,0.04729817807674408,0.9849666953086852,0.103145532310009,0.973800003528595,40,0.01,Adam_4,250
186,286,08/16/21-232929,08/16/21-233057,87.1717174053192,1,0.040345590561628335,0.987666666507721,0.11620577424764633,0.9733999967575072,25,5.0,SGD_11,250
187,303,08/16/21-235714,08/16/21-235849,95.21267342567444,1,0.042003266513347626,0.986983358860016,0.11648166179656982,0.9726999998092652,30,0.01,Adam_4,250
188,30,08/16/21-182103,08/16/21-182459,235.26062726974487,1,0.057952918112277985,0.9865000247955322,0.1965407282114029,0.9726999998092652,10,0.1,Adamax_7,250
189,373,08/17/21-005156,08/17/21-005424,147.94090175628662,1,0.05607758089900017,0.9833833575248718,0.1229044422507286,0.9724000096321106,35,0.01,AdaBeliefOptimizer_2,250
190,445,08/17/21-014555,08/17/21-014803,127.83168578147888,1,0.05313682556152344,0.982616662979126,0.11088914424180983,0.9721000194549559,40,0.01,AdaBeliefOptimizer_2,250
191,307,08/17/21-000151,08/17/21-000422,150.20703077316284,1,0.07662639766931534,0.9764500260353088,0.10562942177057266,0.9711999893188475,30,0.01,Nadam_8,250
192,28,08/16/21-181332,08/16/21-181737,244.93395519256592,1,0.07727345824241638,0.977233350276947,0.0919635072350502,0.97079998254776,10,0.1,Adadelta_5,250
193,159,08/16/21-212937,08/16/21-213148,131.15448236465454,1,0.06011196970939636,0.9826833605766296,0.12998153269290924,0.9704999923706056,20,0.01,Adam_4,250
194,301,08/16/21-235247,08/16/21-235529,162.1342241764069,1,0.071055568754673,0.979033350944519,0.12837794423103333,0.9697999954223632,30,0.01,AdaBeliefOptimizer_2,250
195,157,08/16/21-212306,08/16/21-212705,239.12286520004272,1,0.07909153401851654,0.9770333170890808,0.13524699211120605,0.9695000052452089,20,0.01,AdaBeliefOptimizer_2,250
196,231,08/16/21-225034,08/16/21-225222,107.61027836799622,1,0.06901168078184128,0.9794833064079284,0.1321999430656433,0.9692000150680542,25,0.01,Adam_4,250
197,100,08/16/21-201503,08/16/21-201750,167.0048370361328,1,0.0845433846116066,0.9757333397865297,0.0983387604355812,0.968999981880188,15,0.1,Adadelta_5,250
198,235,08/16/21-225550,08/16/21-225845,175.57495212554932,1,0.07771589607000351,0.977066695690155,0.11750257760286333,0.9685999751091005,25,0.01,Nadam_8,250
199,163,08/16/21-213608,08/16/21-213942,213.7662205696106,1,0.07293850928544998,0.979099988937378,0.13593728840351105,0.968500018119812,20,0.01,Nadam_8,250
200,229,08/16/21-224518,08/16/21-224831,192.7441599369049,1,0.06535749137401581,0.9799166917800904,0.12421145290136335,0.9682000279426576,25,0.01,AdaBeliefOptimizer_2,250
201,91,08/16/21-195951,08/16/21-200425,273.8455007076264,1,0.08782732486724854,0.9759166836738586,0.15553823113441467,0.9674000144004822,15,0.01,Nadam_8,250
202,172,08/16/21-214634,08/16/21-214853,138.1633846759796,1,0.09415804594755173,0.9729833602905272,0.10947381705045699,0.9659000039100648,20,0.1,Adadelta_5,250
203,87,08/16/21-195201,08/16/21-195439,157.78818273544314,1,0.10583368688821793,0.9690333604812622,0.14584335684776306,0.9649999737739564,15,0.01,Adam_4,250
204,244,08/16/21-230432,08/16/21-230623,110.7152464389801,1,0.10352377593517303,0.9701666831970216,0.1167384311556816,0.964900016784668,25,0.1,Adadelta_5,250
205,19,08/16/21-174844,08/16/21-175527,402.8041796684265,1,0.12510140240192413,0.9682499766349792,0.16745862364768982,0.963699996471405,10,0.01,Nadam_8,250
206,125,08/16/21-203938,08/16/21-204201,143.17648577690125,1,0.0819460079073906,0.9763833284378052,0.143466055393219,0.9635000228881836,15,2.0,Adagrad_6,250
207,316,08/17/21-000920,08/17/21-001055,95.17213916778564,1,0.10819604247808456,0.9687333106994628,0.1196196749806404,0.9632999897003174,30,0.1,Adadelta_5,250
208,85,08/16/21-194346,08/16/21-194854,307.4621205329895,1,0.10269802063703536,0.9703666567802428,0.1550915390253067,0.9629999995231628,15,0.01,AdaBeliefOptimizer_2,250
209,15,08/16/21-173731,08/16/21-174117,226.32128715515137,1,0.1241626888513565,0.9678333401679992,0.16662238538265228,0.962499976158142,10,0.01,Adam_4,250
210,388,08/17/21-010655,08/17/21-010822,87.10589385032654,1,0.11358442902565002,0.9666500091552734,0.12362407147884368,0.9624000191688538,35,0.1,Adadelta_5,250
211,17,08/16/21-174129,08/16/21-174453,204.0337026119232,1,0.11276572942733765,0.9678999781608582,0.12426923960447313,0.9621999859809875,10,0.01,Adagrad_6,250
212,22,08/16/21-180629,08/16/21-180929,180.1314423084259,1,0.11878990381956099,0.965749979019165,0.13045156002044678,0.9609000086784364,10,0.01,SGD_11,250
213,460,08/17/21-015914,08/17/21-020032,77.96836423873901,1,0.12462592124938965,0.9634666442871094,0.13260582089424133,0.9603000283241272,40,0.1,Adadelta_5,250
214,23,08/16/21-180929,08/16/21-181229,180.52775073051453,1,0.12103115022182465,0.9651666879653932,0.1320234090089798,0.9599000215530396,10,0.01,SGD_12,250
215,89,08/16/21-195448,08/16/21-195708,140.47700071334842,1,0.13192002475261688,0.9621833562850952,0.14047785103321075,0.9573000073432922,15,0.01,Adagrad_6,250
216,13,08/16/21-172540,08/16/21-173305,445.5236256122589,1,0.1587718278169632,0.959916651248932,0.20120668411254886,0.9542999863624572,10,0.01,AdaBeliefOptimizer_2,250
217,161,08/16/21-213156,08/16/21-213354,118.42464470863342,1,0.149463951587677,0.9569500088691713,0.15531007945537567,0.9542999863624572,20,0.01,Adagrad_6,250
218,233,08/16/21-225229,08/16/21-225402,93.42802119255066,1,0.16421125829219818,0.9527666568756104,0.16915875673294067,0.9501000046730042,25,0.01,Adagrad_6,250
219,95,08/16/21-201212,08/16/21-201415,123.83288049697876,1,0.17102614045143127,0.9501000046730042,0.17452472448349,0.9487000107765198,15,0.01,SGD_12,250
220,305,08/16/21-235856,08/17/21-000018,81.98368358612059,1,0.1770130693912506,0.9494333267211914,0.18095821142196652,0.9470999836921692,30,0.01,Adagrad_6,250
221,377,08/17/21-005733,08/17/21-005849,75.94502949714659,1,0.19005519151687625,0.9456499814987184,0.19239650666713715,0.9435999989509584,35,0.01,Adagrad_6,250
222,449,08/17/21-015053,08/17/21-015201,67.43088436126709,1,0.20052900910377505,0.942200005054474,0.2030116468667984,0.9405999779701232,40,0.01,Adagrad_6,250
223,143,08/16/21-205136,08/16/21-205346,129.59264969825745,1,0.3992392122745514,0.9009166955947876,0.3860785365104675,0.9063000082969666,15,5.0,SGD_12,250
224,94,08/16/21-201204,08/16/21-201212,7.201191186904907,1,1.0573449134826658,0.7313666939735413,1.041732907295227,0.7390999794006348,15,0.01,SGD_11,250
225,457,08/17/21-015854,08/17/21-015902,8.27716064453125,1,1.091892957687378,0.7220333218574524,1.0616551637649536,0.7287999987602234,40,0.1,AdaBeliefOptimizer_2,250
226,53,08/16/21-185237,08/16/21-185248,10.259565353393556,1,0.8353013396263123,0.7228666543960571,0.8239732384681702,0.7221000194549559,10,2.0,Adagrad_6,250
227,384,08/17/21-010624,08/17/21-010633,9.095131635665895,1,1.0450903177261353,0.6989166736602783,1.0586603879928589,0.7045999765396118,35,0.1,AdaBeliefOptimizer_1,250
228,312,08/17/21-000847,08/17/21-000857,9.808295488357542,1,1.0649923086166382,0.6759666800498962,1.0175358057022097,0.6818000078201294,30,0.1,AdaBeliefOptimizer_1,250
229,16,08/16/21-174117,08/16/21-174128,11.31248688697815,1,1.820899248123169,0.6594666838645935,1.8112229108810425,0.6751000285148621,10,0.01,Adadelta_5,250
230,167,08/16/21-214546,08/16/21-214553,6.8057146072387695,1,1.4472994804382324,0.6668166518211365,1.4299601316452026,0.6747000217437744,20,0.01,SGD_12,250
231,238,08/16/21-230343,08/16/21-230349,6.060986757278442,1,1.7362587451934814,0.6488500237464905,1.7217377424240112,0.6579999923706055,25,0.01,SGD_11,250
232,232,08/16/21-225222,08/16/21-225229,7.027220726013184,1,2.1085805892944336,0.6337500214576721,2.1041920185089107,0.6452000141143799,25,0.01,Adadelta_5,250
233,168,08/16/21-214553,08/16/21-214606,12.577736377716064,1,1.5317143201828003,0.6316999793052673,1.4676129817962646,0.6414999961853027,20,0.1,AdaBeliefOptimizer_1,250
234,88,08/16/21-195439,08/16/21-195448,8.685051679611206,1,1.973212718963623,0.6231333613395691,1.966819167137146,0.6377999782562256,15,0.01,Adadelta_5,250
235,310,08/17/21-000836,08/17/21-000841,5.507296323776245,1,1.900767922401428,0.6301500201225281,1.8917750120162964,0.6355000138282776,30,0.01,SGD_11,250
236,166,08/16/21-214539,08/16/21-214546,6.929556846618652,1,1.4565194845199585,0.6275833249092102,1.4447736740112305,0.6330999732017517,20,0.01,SGD_11,250
237,456,08/17/21-015845,08/17/21-015853,8.651931285858153,1,1.5105253458023071,0.6208999752998352,1.5088751316070557,0.6317999958992004,40,0.1,AdaBeliefOptimizer_1,250
238,313,08/17/21-000857,08/17/21-000907,9.535438776016237,1,1.7503889799118042,0.6351333260536194,1.7406569719314575,0.628000020980835,30,0.1,AdaBeliefOptimizer_2,250
239,239,08/16/21-230349,08/16/21-230355,6.126282691955566,1,1.6872599124908447,0.6161166429519653,1.6764906644821167,0.6258000135421753,25,0.01,SGD_12,250
240,385,08/17/21-010633,08/17/21-010642,8.703153848648071,1,1.3520100116729736,0.6252999901771545,1.3610568046569824,0.6255999803543091,35,0.1,AdaBeliefOptimizer_2,250
241,311,08/17/21-000842,08/17/21-000847,5.511312007904053,1,1.9226938486099243,0.6044666767120361,1.9158642292022705,0.6194000244140625,30,0.01,SGD_12,250
242,240,08/16/21-230355,08/16/21-230406,11.135606288909912,1,1.673105001449585,0.6157500147819519,1.6524043083190918,0.618399977684021,25,0.1,AdaBeliefOptimizer_1,250
243,176,08/16/21-215112,08/16/21-215123,10.307036161422731,1,4.371473312377931,0.6160833239555359,4.309275627136231,0.6179999709129333,20,0.1,RMSprop_9,250
244,5,08/16/21-165519,08/16/21-165529,10.044198274612429,1,2.0614535808563232,0.5966833233833313,2.0570085048675537,0.6043999791145325,10,0.001,Adagrad_6,250
245,160,08/16/21-213148,08/16/21-213156,7.802390575408935,1,2.051755428314209,0.5847833156585693,2.0456478595733643,0.5982000231742859,20,0.01,Adadelta_5,250
246,77,08/16/21-192254,08/16/21-192302,7.773168087005615,1,2.144554615020752,0.5389666557312012,2.1403760910034184,0.557200014591217,15,0.001,Adagrad_6,250
247,241,08/16/21-230407,08/16/21-230417,10.515382528305055,1,1.892449140548706,0.5491666793823242,1.8690011501312256,0.5529999732971191,25,0.1,AdaBeliefOptimizer_2,250
248,455,08/17/21-015839,08/17/21-015845,5.3092041015625,1,2.0621614456176762,0.5482666492462158,2.058968067169189,0.544700026512146,40,0.01,SGD_12,250
249,169,08/16/21-214606,08/16/21-214618,11.7844877243042,1,1.9045079946517944,0.5275499820709229,1.8848066329956052,0.5346000194549559,20,0.1,AdaBeliefOptimizer_2,250
250,448,08/17/21-015047,08/17/21-015053,5.8809378147125235,1,2.176513433456421,0.5193499922752379,2.174683094024658,0.5313000082969666,40,0.01,Adadelta_5,250
251,304,08/16/21-235849,08/16/21-235856,6.60455322265625,1,2.146656990051269,0.508316695690155,2.143176794052124,0.5231999754905701,30,0.01,Adadelta_5,250
252,383,08/17/21-010618,08/17/21-010624,5.361121416091919,1,2.0063681602478027,0.5088000297546387,2.00217080116272,0.4979999959468842,35,0.01,SGD_12,250
253,454,08/17/21-015834,08/17/21-015839,5.273916244506836,1,2.0687427520751958,0.4754833281040192,2.063231945037842,0.4758999943733215,40,0.01,SGD_11,250
254,376,08/17/21-005727,08/17/21-005733,6.016576290130615,1,2.153939962387085,0.4377833306789398,2.14961051940918,0.4546000063419342,35,0.01,Adadelta_5,250
255,382,08/17/21-010613,08/17/21-010618,5.356959581375122,1,1.9963027238845823,0.4381333291530609,1.9885116815567017,0.4442999958992005,35,0.01,SGD_11,250
256,149,08/16/21-210646,08/16/21-210653,7.173855066299439,1,2.19907283782959,0.4153999984264374,2.1974496841430664,0.4334999918937683,20,0.001,Adagrad_6,250
257,293,08/16/21-234125,08/16/21-234131,5.731726884841919,1,2.238532304763794,0.4251999855041504,2.236816644668579,0.4323999881744385,30,0.001,Adagrad_6,250
258,102,08/16/21-202011,08/16/21-202019,8.737647294998169,1,1.439298152923584,0.4176500141620636,1.4533374309539795,0.4189999997615814,15,0.1,Adamax_7,250
259,10,08/16/21-171711,08/16/21-171720,9.357818841934202,1,2.2208847999572754,0.4014166593551636,2.218745708465576,0.4124999940395355,10,0.001,SGD_11,250
260,437,08/17/21-013649,08/17/21-013655,5.774803400039673,1,2.2475662231445312,0.3723333477973938,2.245457649230957,0.391400009393692,40,0.001,Adagrad_6,250
261,96,08/16/21-201416,08/16/21-201431,15.156412363052368,1,1.9489690065383911,0.36061665415763855,1.9389106035232544,0.3641000092029572,15,0.1,AdaBeliefOptimizer_1,250
262,97,08/16/21-201431,08/16/21-201445,14.036913633346558,1,2.4490456581115723,0.34341666102409363,2.409266710281372,0.35269999504089355,15,0.1,AdaBeliefOptimizer_2,250
263,83,08/16/21-193808,08/16/21-193815,7.238004684448242,1,2.2537517547607417,0.33648332953453064,2.2527964115142822,0.35089999437332153,15,0.001,SGD_12,250
264,154,08/16/21-211832,08/16/21-211839,6.840891122817992,1,2.2626495361328125,0.34060001373291016,2.26123571395874,0.34360000491142273,20,0.001,SGD_11,250
265,155,08/16/21-211839,08/16/21-211846,6.862497091293335,1,2.268153667449951,0.30773332715034485,2.267024040222168,0.31839999556541443,20,0.001,SGD_12,250
266,221,08/16/21-223149,08/16/21-223156,6.522320508956909,1,2.235194683074951,0.2805666625499725,2.234208106994629,0.28349998593330383,25,0.001,Adagrad_6,250
267,11,08/16/21-171721,08/16/21-171730,9.242575883865355,1,2.2333498001098637,0.2697666585445404,2.232394933700561,0.2741000056266785,10,0.001,SGD_12,250
268,227,08/16/21-224137,08/16/21-224143,6.170510292053223,1,2.27517318725586,0.2611333429813385,2.275019407272339,0.2578000128269196,25,0.001,SGD_12,250
269,298,08/16/21-234939,08/16/21-234945,5.500133752822876,1,2.274359941482544,0.2462500035762787,2.2741146087646484,0.24560000002384186,30,0.001,SGD_11,250
270,4,08/16/21-165508,08/16/21-165519,11.42272686958313,1,2.285153150558472,0.2127666622400284,2.2838568687438965,0.2291000038385391,10,0.001,Adadelta_5,250
271,82,08/16/21-193800,08/16/21-193808,7.170692682266235,1,2.262437343597412,0.20293332636356354,2.261089324951172,0.20630000531673431,15,0.001,SGD_11,250
272,24,08/16/21-181230,08/16/21-181250,20.18420386314392,1,2.62212347984314,0.20319999754428866,2.610753059387207,0.20190000534057614,10,0.1,AdaBeliefOptimizer_1,250
273,365,08/17/21-004143,08/17/21-004149,5.6438961029052725,1,2.2477145195007324,0.19499999284744265,2.2461252212524414,0.19769999384880066,35,0.001,Adagrad_6,250
274,443,08/17/21-014328,08/17/21-014333,5.275073051452637,1,2.284482002258301,0.18713332712650302,2.282610893249512,0.193000003695488,40,0.001,SGD_12,250
275,318,08/17/21-001217,08/17/21-001224,6.471726179122925,1,2.107689619064331,0.1928499937057495,2.11643648147583,0.1924999952316284,30,0.1,Adamax_7,250
276,25,08/16/21-181250,08/16/21-181309,18.87141489982605,1,2.904118537902832,0.18958333134651184,2.9051909446716313,0.19140000641345975,10,0.1,AdaBeliefOptimizer_2,250
277,76,08/16/21-192245,08/16/21-192254,8.635852575302124,1,2.306797504425049,0.1835833340883255,2.306121587753296,0.18729999661445615,15,0.001,Adadelta_5,250
278,105,08/16/21-202044,08/16/21-202054,10.166314363479612,1,11.950077056884766,0.1684499979019165,11.949285507202148,0.1696999967098236,15,0.1,RMSprop_10,250
279,174,08/16/21-215053,08/16/21-215101,8.005308389663696,1,2.310912847518921,0.173266664147377,2.3207333087921143,0.16509999334812164,20,0.1,Adamax_7,250
280,299,08/16/21-234945,08/16/21-234950,5.467417240142822,1,2.278658628463745,0.15151666104793549,2.277777910232544,0.15369999408721924,30,0.001,SGD_12,250
281,370,08/17/21-004905,08/17/21-004910,5.360737323760986,1,2.280845642089844,0.1394333392381668,2.2800111770629883,0.14159999787807465,35,0.001,SGD_11,250
282,148,08/16/21-210638,08/16/21-210646,7.875227689743043,1,2.3093678951263428,0.13860000669956207,2.3082683086395264,0.1370999962091446,20,0.001,Adadelta_5,250
283,442,08/17/21-014323,08/17/21-014328,5.333134651184082,1,2.2859809398651123,0.13439999520778656,2.2850773334503174,0.13590000569820404,40,0.001,SGD_11,250
284,371,08/17/21-004911,08/17/21-004916,5.339524507522583,1,2.286885976791382,0.12174999713897705,2.286009788513184,0.1242000013589859,35,0.001,SGD_12,250
285,226,08/16/21-224131,08/16/21-224137,6.0595343112945566,1,2.2756478786468506,0.11906666308641435,2.275096893310547,0.1216999962925911,25,0.001,SGD_11,250
286,436,08/17/21-013643,08/17/21-013649,6.151632308959961,1,2.368685483932495,0.11665000021457672,2.3648719787597656,0.12129999697208405,40,0.001,Adadelta_5,250
287,177,08/16/21-215123,08/16/21-215132,8.862239837646484,1,12.249407768249512,0.1123666688799858,12.256298065185547,0.11349999904632567,20,0.1,RMSprop_10,250
288,193,08/16/21-220437,08/16/21-220449,11.7048819065094,1,2.5858726501464844,0.1123666688799858,2.585391044616699,0.11349999904632567,20,2.0,AdaBeliefOptimizer_2,250
289,414,08/17/21-012147,08/17/21-012153,6.230010509490968,1,21.027589797973636,0.1123666688799858,20.96784782409668,0.11349999904632567,35,2.0,Adamax_7,250
290,417,08/17/21-012209,08/17/21-012216,6.750885009765625,1,395.960693359375,0.1123666688799858,394.7428894042969,0.11349999904632567,35,2.0,RMSprop_10,250
291,249,08/16/21-230824,08/16/21-230832,8.080219030380249,1,11.97387981414795,0.1123666688799858,11.917277336120605,0.11349999904632567,25,0.1,RMSprop_10,250
292,266,08/16/21-231910,08/16/21-231918,7.5255258083343515,1,83.12815856933594,0.1123666688799858,82.8870849609375,0.11349999904632567,25,2.0,Adam_3,250
293,480,08/17/21-020938,08/17/21-020946,8.714425325393679,1,2.423485517501831,0.1123666688799858,2.4238476753234863,0.11349999904632567,40,2.0,AdaBeliefOptimizer_1,250
294,351,08/17/21-002849,08/17/21-002856,6.522980451583862,1,371.624267578125,0.1123666688799858,371.28424072265625,0.11349999904632567,30,5.0,Adam_4,250
295,420,08/17/21-012437,08/17/21-012446,9.13981866836548,1,2.701961040496826,0.1123666688799858,2.6982100009918213,0.11349999904632567,35,5.0,AdaBeliefOptimizer_1,250
296,98,08/16/21-201445,08/16/21-201454,9.479202032089232,1,4.5065646171569815,0.1123666688799858,4.501835823059082,0.11349999904632567,15,0.1,Adam_3,250
297,140,08/16/21-205106,08/16/21-205118,11.847584962844849,1,1302.298095703125,0.1123666688799858,1297.1533203125,0.11349999904632567,15,5.0,RMSprop_9,250
298,103,08/16/21-202020,08/16/21-202032,12.574615240097046,1,2.964766263961792,0.1123666688799858,2.9581923484802246,0.11349999904632567,15,0.1,Nadam_8,250
299,127,08/16/21-204210,08/16/21-204223,12.636072397232056,1,151.7030029296875,0.1123666688799858,150.9717254638672,0.11349999904632567,15,2.0,Nadam_8,250
300,242,08/16/21-230417,08/16/21-230425,7.547576189041138,1,2.772812843322754,0.1123666688799858,2.7755568027496342,0.11349999904632567,25,0.1,Adam_3,250
301,282,08/16/21-232855,08/16/21-232902,7.15842080116272,1,119.96128845214844,0.1123666688799858,120.18102264404295,0.11349999904632567,25,5.0,Adamax_7,250
302,114,08/16/21-203104,08/16/21-203112,8.717681407928469,1,11.699664115905762,0.1123666688799858,11.636100769042967,0.11349999904632567,15,1.0,Adamax_7,250
303,405,08/17/21-011602,08/17/21-011609,6.781338453292848,1,146.97479248046875,0.1123666688799858,147.0513153076172,0.11349999904632567,35,1.0,RMSprop_10,250
304,121,08/16/21-203617,08/16/21-203631,13.90647840499878,1,2.7680022716522217,0.1123666688799858,2.768149375915528,0.11349999904632567,15,2.0,AdaBeliefOptimizer_2,250
305,468,08/17/21-020410,08/17/21-020418,8.580530405044557,1,2.381686925888061,0.09929999709129332,2.3763248920440674,0.10320000350475313,40,1.0,AdaBeliefOptimizer_1,250
306,325,08/17/21-001524,08/17/21-001533,9.260440826416016,1,2.460127830505371,0.09929999709129332,2.4545555114746094,0.10320000350475313,30,1.0,AdaBeliefOptimizer_2,250
307,111,08/16/21-202543,08/16/21-202552,8.526755094528196,1,89.65795135498047,0.09929999709129332,88.98670959472656,0.10320000350475313,15,1.0,Adam_4,250
308,243,08/16/21-230425,08/16/21-230432,7.099611520767213,1,3.378493547439575,0.09929999709129332,3.3775250911712646,0.10320000350475313,25,0.1,Adam_4,250
309,115,08/16/21-203112,08/16/21-203125,12.627834558486938,1,81.54119110107422,0.09929999709129332,81.22310638427734,0.10320000350475313,15,1.0,Nadam_8,250
310,180,08/16/21-215508,08/16/21-215521,12.562219858169556,1,2.3896148204803467,0.09929999709129332,2.387391805648804,0.10320000350475313,20,1.0,AdaBeliefOptimizer_1,250
311,194,08/16/21-220449,08/16/21-220457,8.404510736465454,1,206.60813903808597,0.09929999709129332,205.6939697265625,0.10320000350475313,20,2.0,Adam_3,250
312,497,08/17/21-021659,08/17/21-021705,5.915234088897705,1,4.039754390716554,0.09929999709129332,4.041460514068604,0.10320000350475313,40,5.0,Adagrad_6,250
313,285,08/16/21-232921,08/16/21-232929,8.127777099609375,1,548.052490234375,0.09929999709129332,546.0587768554689,0.10320000350475313,25,5.0,RMSprop_10,250
314,481,08/17/21-020946,08/17/21-020955,8.261699199676514,1,2.5323081016540527,0.09929999709129332,2.530258655548096,0.10320000350475313,40,2.0,AdaBeliefOptimizer_2,250
315,355,08/17/21-003045,08/17/21-003054,8.39250636100769,1,416.6771545410156,0.09929999709129332,416.8963928222656,0.10320000350475313,30,5.0,Nadam_8,250
316,273,08/16/21-232320,08/16/21-232328,7.989104509353638,1,307.8953857421875,0.09929999709129332,306.8121643066406,0.10320000350475313,25,2.0,RMSprop_10,250
317,264,08/16/21-231849,08/16/21-231900,11.022113561630249,1,2.4532396793365483,0.09929999709129332,2.454751491546631,0.10320000350475313,25,2.0,AdaBeliefOptimizer_1,250
318,258,08/16/21-231524,08/16/21-231531,7.086629152297974,1,9.067464828491213,0.09929999709129332,8.985574722290039,0.10320000350475313,25,1.0,Adamax_7,250
319,393,08/17/21-011000,08/17/21-011007,6.720669984817505,1,12.228426933288574,0.09929999709129332,12.139738082885742,0.10320000350475313,35,0.1,RMSprop_10,250
320,141,08/16/21-205118,08/16/21-205128,9.986565828323362,1,525.82861328125,0.09929999709129332,520.7432250976561,0.10320000350475313,15,5.0,RMSprop_10,250
321,70,08/16/21-190608,08/16/21-190618,9.484575748443604,1,30.93652153015137,0.09929999709129332,30.81475257873535,0.10320000350475313,10,5.0,SGD_11,250
322,56,08/16/21-185316,08/16/21-185332,15.762341737747192,1,326.5031433105469,0.09929999709129332,326.2933349609375,0.10320000350475313,10,2.0,RMSprop_9,250
323,276,08/16/21-232620,08/16/21-232631,11.0080885887146,1,2.734410047531128,0.09929999709129332,2.7363531589508057,0.10320000350475313,25,5.0,AdaBeliefOptimizer_1,250
324,62,08/16/21-190033,08/16/21-190045,12.249492645263672,1,328.3232116699219,0.10441666841506958,331.6019287109375,0.10279999673366548,10,5.0,Adam_3,250
325,170,08/16/21-214618,08/16/21-214626,8.499783039093018,1,4.095591068267821,0.10441666841506958,4.1100502014160165,0.10279999673366548,20,0.1,Adam_3,250
326,54,08/16/21-185248,08/16/21-185259,11.189590692520142,1,41.64271926879883,0.10441666841506958,41.843074798583984,0.10279999673366548,10,2.0,Adamax_7,250
327,259,08/16/21-231531,08/16/21-231541,9.705802679061891,1,117.43983459472656,0.10441666841506958,117.6359634399414,0.10279999673366548,25,1.0,Nadam_8,250
328,277,08/16/21-232631,08/16/21-232642,10.440381050109863,1,5.72422981262207,0.10441666841506958,5.720828056335449,0.10279999673366548,25,5.0,AdaBeliefOptimizer_2,250
329,465,08/17/21-020201,08/17/21-020208,6.51328182220459,1,8.452313423156737,0.10441666841506958,8.49346923828125,0.10279999673366548,40,0.1,RMSprop_10,250
330,129,08/16/21-204235,08/16/21-204245,10.048291444778444,1,478.927001953125,0.10441666841506958,481.0949096679688,0.10279999673366548,15,2.0,RMSprop_10,250
331,402,08/17/21-011541,08/17/21-011547,6.191858768463135,1,11.57903003692627,0.10441666841506958,11.574346542358398,0.10279999673366548,35,1.0,Adamax_7,250
332,189,08/16/21-220038,08/16/21-220047,8.785897970199585,1,152.51898193359375,0.10441666841506958,152.32186889648438,0.10279999673366548,20,1.0,RMSprop_10,250
333,26,08/16/21-181309,08/16/21-181321,12.261780261993408,1,5.289057731628418,0.10441666841506958,5.301253795623778,0.10279999673366548,10,0.1,Adam_3,250
334,271,08/16/21-232302,08/16/21-232311,9.566401481628418,1,130.73431396484378,0.10441666841506958,131.54470825195312,0.10279999673366548,25,2.0,Nadam_8,250
335,415,08/17/21-012154,08/17/21-012201,7.856108665466309,1,230.2826232910156,0.10441666841506958,231.5078430175781,0.10279999673366548,35,2.0,Nadam_8,250
336,213,08/16/21-221722,08/16/21-221731,8.767695426940918,1,727.9824829101562,0.10441666841506958,724.6632080078125,0.10279999673366548,20,5.0,RMSprop_10,250
337,492,08/17/21-021510,08/17/21-021519,8.676711797714232,1,3.311718463897705,0.10441666841506958,3.2994487285614014,0.10279999673366548,40,5.0,AdaBeliefOptimizer_1,250
338,71,08/16/21-190618,08/16/21-190627,9.48486828804016,1,40.66482162475586,0.10218333452939987,40.95751190185547,0.10100000351667404,10,5.0,SGD_12,250
339,55,08/16/21-185259,08/16/21-185316,16.928930521011353,1,202.9745941162109,0.10218333452939987,203.1015930175781,0.10100000351667404,10,2.0,Nadam_8,250
340,397,08/17/21-011234,08/17/21-011242,8.567180871963501,1,2.38442325592041,0.10218333452939987,2.386343717575073,0.10100000351667404,35,1.0,AdaBeliefOptimizer_2,250
341,126,08/16/21-204201,08/16/21-204210,8.763744592666626,1,26.275543212890625,0.10218333452939987,26.42181205749512,0.10100000351667404,15,2.0,Adamax_7,250
342,43,08/16/21-184036,08/16/21-184053,17.027206659317017,1,68.53028106689453,0.10218333452939987,68.38466644287111,0.10100000351667404,10,1.0,Nadam_8,250
343,212,08/16/21-221712,08/16/21-221722,10.338614463806152,1,1161.283447265625,0.10218333452939987,1162.5404052734375,0.10100000351667404,20,5.0,RMSprop_9,250
344,272,08/16/21-232311,08/16/21-232320,9.063513517379759,1,404.8761291503906,0.10218333452939987,404.6501770019531,0.10100000351667404,25,2.0,RMSprop_9,250
345,399,08/17/21-011249,08/17/21-011255,6.148420810699463,1,65.76322174072266,0.10218333452939987,65.91213989257811,0.10100000351667404,35,1.0,Adam_4,250
346,348,08/17/21-002823,08/17/21-002833,9.81966471672058,1,4.522050380706787,0.10218333452939987,4.533405303955078,0.10100000351667404,30,5.0,AdaBeliefOptimizer_1,250
347,175,08/16/21-215101,08/16/21-215112,10.818896055221558,1,6.3951802253723145,0.10218333452939987,6.4010353088378915,0.10100000351667404,20,0.1,Nadam_8,250
348,188,08/16/21-220028,08/16/21-220038,10.116469144821169,1,142.94119262695312,0.10218333452939987,142.99415588378906,0.10100000351667404,20,1.0,RMSprop_9,250
349,132,08/16/21-204659,08/16/21-204714,14.968204021453856,1,2.8916351795196533,0.10218333452939987,2.890425443649292,0.10100000351667404,15,5.0,AdaBeliefOptimizer_1,250
350,344,08/17/21-002537,08/17/21-002545,8.029021024703981,1,418.101806640625,0.10218333452939987,419.8516540527344,0.10100000351667404,30,2.0,RMSprop_9,250
351,67,08/16/21-190522,08/16/21-190539,17.034883499145508,1,360.518798828125,0.10218333452939987,359.46533203125,0.10100000351667404,10,5.0,Nadam_8,250
352,339,08/17/21-002214,08/17/21-002220,6.375833034515381,1,103.37348175048828,0.10218333452939987,103.89598083496094,0.10100000351667404,30,2.0,Adam_4,250
353,338,08/17/21-002207,08/17/21-002214,6.7543625831604,1,140.67805480957028,0.10218333452939987,140.9019012451172,0.10100000351667404,30,2.0,Adam_3,250
354,427,08/17/21-012649,08/17/21-012657,7.945059299468994,1,546.1693725585939,0.10218333452939987,546.6492309570311,0.10100000351667404,35,5.0,Nadam_8,250
355,500,08/17/21-021719,08/17/21-021727,7.407986164093018,1,546.7400512695311,0.10218333452939987,547.9376220703125,0.10100000351667404,40,5.0,RMSprop_9,250
356,186,08/16/21-220008,08/16/21-220016,7.988274812698363,1,5.6931915283203125,0.10218333452939987,5.720511436462402,0.10100000351667404,20,1.0,Adamax_7,250
357,332,08/17/21-001904,08/17/21-001912,8.017808437347412,1,122.51834869384766,0.10218333452939987,121.5062026977539,0.10100000351667404,30,1.0,RMSprop_9,250
358,411,08/17/21-011854,08/17/21-011900,6.122472286224365,1,87.90441131591797,0.09915000200271606,87.45467376708984,0.10090000182390213,35,2.0,Adam_4,250
359,51,08/16/21-184820,08/16/21-184831,10.8966965675354,1,186.6309356689453,0.09915000200271606,188.11378479003903,0.10090000182390213,10,2.0,Adam_4,250
360,398,08/17/21-011243,08/17/21-011249,6.447941064834595,1,63.80603790283203,0.09915000200271606,63.37364196777344,0.10090000182390213,35,1.0,Adam_3,250
361,429,08/17/21-012705,08/17/21-012712,6.762731075286865,1,625.2181396484375,0.09915000200271606,629.4769897460938,0.10090000182390213,35,5.0,RMSprop_10,250
362,390,08/17/21-010938,08/17/21-010944,6.1324968338012695,1,2.7500989437103267,0.09915000200271606,2.7407495975494385,0.10090000182390213,35,0.1,Adamax_7,250
363,416,08/17/21-012201,08/17/21-012209,7.514140367507935,1,302.8807373046875,0.09915000200271606,302.9211120605469,0.10090000182390213,35,2.0,RMSprop_9,250
364,31,08/16/21-182459,08/16/21-182516,17.26486897468567,1,5.619110107421875,0.09915000200271606,5.612512588500977,0.10090000182390213,10,0.1,Nadam_8,250
365,61,08/16/21-190014,08/16/21-190033,18.57493281364441,1,6.777309894561768,0.09915000200271606,6.75653886795044,0.10090000182390213,10,5.0,AdaBeliefOptimizer_2,250
366,315,08/17/21-000914,08/17/21-000920,6.436255216598512,1,2.399911880493164,0.09915000200271606,2.3990461826324463,0.10090000182390213,30,0.1,Adam_4,250
367,138,08/16/21-205045,08/16/21-205054,8.74362325668335,1,98.2084732055664,0.09915000200271606,98.3255615234375,0.10090000182390213,15,5.0,Adamax_7,250
368,198,08/16/21-220926,08/16/21-220934,7.889183044433594,1,44.800376892089844,0.09915000200271606,44.635250091552734,0.10090000182390213,20,2.0,Adamax_7,250
369,488,08/17/21-021250,08/17/21-021258,7.280560255050659,1,359.5920715332031,0.09915000200271606,361.0401611328125,0.10090000182390213,40,2.0,RMSprop_9,250
370,246,08/16/21-230757,08/16/21-230804,7.135240316390991,1,2.6280696392059326,0.09915000200271606,2.6166560649871826,0.10090000182390213,25,0.1,Adamax_7,250
371,477,08/17/21-020727,08/17/21-020734,6.5332162380218515,1,157.12515258789062,0.09915000200271606,156.73892211914062,0.10090000182390213,40,1.0,RMSprop_10,250
372,260,08/16/21-231541,08/16/21-231550,8.998900175094603,1,204.01388549804688,0.09915000200271606,203.84971618652344,0.10090000182390213,25,1.0,RMSprop_9,250
373,278,08/16/21-232642,08/16/21-232649,7.514397621154785,1,332.62371826171875,0.09915000200271606,335.2106018066406,0.10090000182390213,25,5.0,Adam_3,250
374,279,08/16/21-232649,08/16/21-232657,7.1483004093170175,1,379.3058471679688,0.09915000200271606,381.8859252929688,0.10090000182390213,25,5.0,Adam_4,250
375,283,08/16/21-232902,08/16/21-232912,9.50079107284546,1,358.3843688964844,0.09915000200271606,357.29595947265625,0.10090000182390213,25,5.0,Nadam_8,250
376,483,08/17/21-021001,08/17/21-021007,6.0238094329833975,1,92.85196685791016,0.09915000200271606,92.88054656982422,0.10090000182390213,40,2.0,Adam_4,250
377,350,08/17/21-002842,08/17/21-002849,6.770158290863037,1,259.9638061523437,0.09915000200271606,259.72982788085943,0.10090000182390213,30,5.0,Adam_3,250
378,63,08/16/21-190045,08/16/21-190056,10.916016817092896,1,470.5635681152344,0.09915000200271606,469.8443908691406,0.10090000182390213,10,5.0,Adam_4,250
379,356,08/17/21-003054,08/17/21-003102,8.085177421569824,1,686.5589599609375,0.09915000200271606,689.1382446289062,0.10090000182390213,30,5.0,RMSprop_9,250
380,343,08/17/21-002528,08/17/21-002537,8.4324049949646,1,167.9208984375,0.09915000200271606,167.45684814453125,0.10090000182390213,30,2.0,Nadam_8,250
381,65,08/16/21-190500,08/16/21-190510,10.351701974868773,1,2.3197007179260254,0.09915000200271606,2.3193132877349854,0.10090000182390213,10,5.0,Adagrad_6,250
382,349,08/17/21-002833,08/17/21-002842,9.183296442031859,1,3.1701765060424805,0.09736666828393936,3.162111759185791,0.0982000008225441,30,5.0,AdaBeliefOptimizer_2,250
383,354,08/17/21-003039,08/17/21-003045,6.4077603816986075,1,77.72065734863281,0.09736666828393936,77.89757537841797,0.0982000008225441,30,5.0,Adamax_7,250
384,498,08/17/21-021705,08/17/21-021711,6.06013560295105,1,130.6671142578125,0.09736666828393936,130.3741455078125,0.0982000008225441,40,5.0,Adamax_7,250
385,357,08/17/21-003102,08/17/21-003109,7.063937664031982,1,932.9219360351562,0.09736666828393936,929.1953735351562,0.0982000008225441,30,5.0,RMSprop_10,250
386,423,08/17/21-012502,08/17/21-012508,6.17518949508667,1,417.76763916015625,0.09736666828393936,419.76513671875,0.0982000008225441,35,5.0,Adam_4,250
387,135,08/16/21-204738,08/16/21-204747,8.526279211044313,1,301.708740234375,0.09736666828393936,298.977783203125,0.0982000008225441,15,5.0,Adam_4,250
388,495,08/17/21-021534,08/17/21-021540,6.047231197357178,1,221.61888122558597,0.09736666828393936,220.5899200439453,0.0982000008225441,40,5.0,Adam_4,250
389,137,08/16/21-205037,08/16/21-205045,8.01573634147644,1,3.3579807281494136,0.09736666828393936,3.3560640811920166,0.0982000008225441,15,5.0,Adagrad_6,250
390,501,08/17/21-021727,08/17/21-021733,6.560873746871947,1,719.9820556640625,0.09736666828393936,716.7540283203125,0.0982000008225441,40,5.0,RMSprop_10,250
391,99,08/16/21-201455,08/16/21-201503,8.507472515106201,1,3.180802822113037,0.09736666828393936,3.1755576133728027,0.0982000008225441,15,0.1,Adam_4,250
392,499,08/17/21-021711,08/17/21-021719,7.581287384033202,1,379.3708190917969,0.09736666828393936,379.4259643554688,0.0982000008225441,40,5.0,Nadam_8,250
393,181,08/16/21-215521,08/16/21-215533,11.9863440990448,1,2.394560575485229,0.09736666828393936,2.3961317539215092,0.0982000008225441,20,1.0,AdaBeliefOptimizer_2,250
394,387,08/17/21-010648,08/17/21-010655,6.136273622512817,1,4.574540138244629,0.09736666828393936,4.587608337402344,0.0982000008225441,35,0.1,Adam_4,250
395,345,08/17/21-002545,08/17/21-002552,7.102319002151488,1,376.45928955078125,0.09736666828393936,378.1626281738281,0.0982000008225441,30,2.0,RMSprop_10,250
396,470,08/17/21-020427,08/17/21-020433,6.258155822753906,1,82.84534454345703,0.09736666828393936,83.13324737548828,0.0982000008225441,40,1.0,Adam_3,250
397,171,08/16/21-214626,08/16/21-214634,7.819844484329224,1,4.759081840515137,0.09736666828393936,4.759693622589111,0.0982000008225441,20,0.1,Adam_4,250
398,408,08/17/21-011829,08/17/21-011838,8.999233007431028,1,2.42333459854126,0.09736666828393936,2.4228296279907227,0.0982000008225441,35,2.0,AdaBeliefOptimizer_1,250
399,319,08/17/21-001224,08/17/21-001232,8.472741603851317,1,8.304100036621094,0.09736666828393936,8.311991691589355,0.0982000008225441,30,0.1,Nadam_8,250
400,199,08/16/21-220934,08/16/21-220945,10.862677812576294,1,185.327392578125,0.09736666828393936,185.90562438964844,0.0982000008225441,20,2.0,Nadam_8,250
401,133,08/16/21-204715,08/16/21-204729,14.018497228622437,1,3.0854408740997314,0.09871666878461838,3.094244718551636,0.09799999743700027,15,5.0,AdaBeliefOptimizer_2,250
402,462,08/17/21-020140,08/17/21-020146,6.065219640731812,1,2.850743055343628,0.09871666878461838,2.8513107299804688,0.09799999743700027,40,0.1,Adamax_7,250
403,27,08/16/21-181321,08/16/21-181332,10.956078290939331,1,4.5779690742492685,0.09871666878461838,4.558521270751953,0.09799999743700027,10,0.1,Adam_4,250
404,187,08/16/21-220017,08/16/21-220027,10.901905298233032,1,56.512779235839844,0.09871666878461838,56.4031867980957,0.09799999743700027,20,1.0,Nadam_8,250
405,421,08/17/21-012446,08/17/21-012455,8.715198516845701,1,6.9748148918151855,0.09871666878461838,6.973610877990723,0.09799999743700027,35,5.0,AdaBeliefOptimizer_2,250
406,422,08/17/21-012455,08/17/21-012502,6.520390510559082,1,269.3841552734375,0.09871666878461838,267.80538940429693,0.09799999743700027,35,5.0,Adam_3,250
407,426,08/17/21-012643,08/17/21-012649,6.1539082527160645,1,104.5326156616211,0.09871666878461838,104.76618957519531,0.09799999743700027,35,5.0,Adamax_7,250
408,142,08/16/21-205128,08/16/21-205136,7.359540939331055,1,32.185253143310554,0.09871666878461838,32.275745391845696,0.09799999743700027,15,5.0,SGD_11,250
409,32,08/16/21-182516,08/16/21-182532,15.718385219573975,1,,0.09871666878461838,,0.09799999743700027,10,0.1,RMSprop_9,250
410,201,08/16/21-220955,08/16/21-221004,8.848555803298948,1,325.0166015625,0.09871666878461838,324.2728271484375,0.09799999743700027,20,2.0,RMSprop_10,250
411,123,08/16/21-203640,08/16/21-203649,8.510070323944094,1,148.87684631347656,0.09871666878461838,148.67819213867188,0.09799999743700027,15,2.0,Adam_4,250
412,204,08/16/21-221346,08/16/21-221359,12.422429323196411,1,20.06548500061035,0.09871666878461838,20.10360145568848,0.09799999743700027,20,5.0,AdaBeliefOptimizer_1,250
413,410,08/17/21-011847,08/17/21-011853,6.451793909072876,1,155.35523986816406,0.09871666878461838,155.00376892089844,0.09799999743700027,35,2.0,Adam_3,250
414,320,08/17/21-001233,08/17/21-001240,7.8531622886657715,1,,0.09871666878461838,,0.09799999743700027,30,0.1,RMSprop_9,250
415,49,08/16/21-184749,08/16/21-184808,18.749058485031128,1,2.666366577148437,0.09871666878461838,2.660909414291382,0.09799999743700027,10,2.0,AdaBeliefOptimizer_2,250
416,69,08/16/21-190555,08/16/21-190608,13.28873896598816,1,731.7564086914062,0.09871666878461838,737.7550048828125,0.09799999743700027,10,5.0,RMSprop_10,250
417,459,08/17/21-015908,08/17/21-015914,5.985851287841798,1,2.93859338760376,0.09871666878461838,2.929286241531372,0.09799999743700027,40,0.1,Adam_4,250
418,475,08/17/21-020712,08/17/21-020720,7.705737829208374,1,65.06178283691406,0.09871666878461838,65.63135528564453,0.09799999743700027,40,1.0,Nadam_8,250
419,476,08/17/21-020720,08/17/21-020727,7.253408908843994,1,167.69654846191406,0.09871666878461838,168.90792846679688,0.09799999743700027,40,1.0,RMSprop_9,250
420,392,08/17/21-010953,08/17/21-011000,7.417922496795653,1,,0.09871666878461838,,0.09799999743700027,35,0.1,RMSprop_9,250
421,253,08/16/21-231130,08/16/21-231141,10.349350452423096,1,2.4006247520446777,0.09871666878461838,2.405739545822144,0.09799999743700027,25,1.0,AdaBeliefOptimizer_2,250
422,104,08/16/21-202032,08/16/21-202044,11.755313873291016,1,,0.09871666878461838,,0.09799999743700027,15,0.1,RMSprop_9,250
423,248,08/16/21-230814,08/16/21-230823,9.113430976867676,1,,0.09871666878461838,,0.09799999743700027,25,0.1,RMSprop_9,250
424,45,08/16/21-184109,08/16/21-184123,13.32813596725464,1,271.369384765625,0.09871666878461838,271.06210327148443,0.09799999743700027,10,1.0,RMSprop_10,250
425,44,08/16/21-184053,08/16/21-184109,15.900491952896118,1,128.17634582519528,0.09871666878461838,127.6176528930664,0.09799999743700027,10,1.0,RMSprop_9,250
426,487,08/17/21-021243,08/17/21-021250,7.6060242652893075,1,143.51023864746094,0.09871666878461838,143.95358276367188,0.09799999743700027,40,2.0,Nadam_8,250
427,220,08/16/21-223142,08/16/21-223149,7.040518283843994,1,2.3219435214996342,0.0987333357334137,2.318468809127808,0.09799999743700027,25,0.001,Adadelta_5,250
428,122,08/16/21-203631,08/16/21-203640,9.47264003753662,1,101.30451202392578,0.09871666878461838,101.9908447265625,0.09799999743700027,15,2.0,Adam_3,250
429,464,08/17/21-020154,08/17/21-020201,7.135616779327393,1,,0.09871666878461838,,0.09799999743700027,40,0.1,RMSprop_9,250
430,210,08/16/21-221653,08/16/21-221701,7.927661895751952,1,82.97894287109375,0.09871666878461838,82.77850341796875,0.09799999743700027,20,5.0,Adamax_7,250
431,493,08/17/21-021519,08/17/21-021527,8.214957475662231,1,2.4855611324310303,0.09871666878461838,2.4839794635772705,0.09799999743700027,40,5.0,AdaBeliefOptimizer_2,250
432,292,08/16/21-234119,08/16/21-234125,6.282177686691284,1,2.3516650199890137,0.09871666878461838,2.350407838821411,0.09799999743700027,30,0.001,Adadelta_5,250
433,474,08/17/21-020706,08/17/21-020712,6.039001226425171,1,13.945587158203125,0.09751666337251663,13.939974784851074,0.09740000218153,40,1.0,Adamax_7,250
434,252,08/16/21-231119,08/16/21-231130,11.006206512451172,1,2.3941328525543213,0.09751666337251663,2.3912172317504883,0.09740000218153,25,1.0,AdaBeliefOptimizer_1,250
435,281,08/16/21-232848,08/16/21-232855,6.7454583644866934,1,2.3851873874664307,0.09751666337251663,2.3879082202911377,0.09740000218153,25,5.0,Adagrad_6,250
436,330,08/17/21-001847,08/17/21-001855,8.278428554534912,1,18.68304443359375,0.09751666337251663,18.52391624450684,0.09740000218153,30,1.0,Adamax_7,250
437,337,08/17/21-002158,08/17/21-002207,9.212904453277588,1,2.3277909755706787,0.09751666337251663,2.328102827072144,0.09740000218153,30,2.0,AdaBeliefOptimizer_2,250
438,66,08/16/21-190511,08/16/21-190522,11.27801775932312,1,140.6435546875,0.09751666337251663,140.73680114746094,0.09740000218153,10,5.0,Adamax_7,250
439,110,08/16/21-202534,08/16/21-202543,9.436828136444092,1,60.14677810668945,0.09751666337251663,60.26321411132813,0.09740000218153,15,1.0,Adam_3,250
440,331,08/17/21-001855,08/17/21-001904,8.409553527832031,1,102.52545166015624,0.09751666337251663,102.21946716308594,0.09740000218153,30,1.0,Nadam_8,250
441,364,08/17/21-004137,08/17/21-004143,6.019106864929199,1,2.327585935592652,0.09751666337251663,2.327739953994751,0.09740000218153,35,0.001,Adadelta_5,250
442,57,08/16/21-185332,08/16/21-185345,13.305280447006226,1,327.4832458496094,0.09751666337251663,327.9305114746094,0.09740000218153,10,2.0,RMSprop_10,250
443,386,08/17/21-010642,08/17/21-010648,6.435182571411133,1,3.006541967391968,0.09751666337251663,2.9913315773010254,0.09740000218153,35,0.1,Adam_3,250
444,48,08/16/21-184729,08/16/21-184749,20.15342402458191,1,2.9235198497772217,0.09751666337251663,2.9282007217407227,0.09740000218153,10,2.0,AdaBeliefOptimizer_1,250
445,336,08/17/21-002148,08/17/21-002157,9.711671829223633,1,2.393161535263061,0.09751666337251663,2.390234470367432,0.09740000218153,30,2.0,AdaBeliefOptimizer_1,250
446,120,08/16/21-203602,08/16/21-203617,15.097800016403198,1,2.875880479812622,0.09751666337251663,2.8688080310821533,0.09740000218153,15,2.0,AdaBeliefOptimizer_1,250
447,261,08/16/21-231550,08/16/21-231558,7.935759544372559,1,166.09243774414062,0.09751666337251663,165.695068359375,0.09740000218153,25,1.0,RMSprop_10,250
448,324,08/17/21-001514,08/17/21-001524,9.729605913162233,1,2.3471717834472656,0.09751666337251663,2.3456616401672363,0.09740000218153,30,1.0,AdaBeliefOptimizer_1,250
449,195,08/16/21-220458,08/16/21-220505,7.8622286319732675,1,116.94660186767578,0.09751666337251663,116.11861419677734,0.09740000218153,20,2.0,Adam_4,250
450,39,08/16/21-183243,08/16/21-183253,10.842854738235474,1,82.42790222167969,0.09751666337251663,82.17089080810547,0.09740000218153,10,1.0,Adam_4,250
451,270,08/16/21-232254,08/16/21-232302,7.098839998245238,1,26.516000747680664,0.09751666337251663,26.403106689453125,0.09740000218153,25,2.0,Adamax_7,250
452,182,08/16/21-215533,08/16/21-215542,8.566280603408812,1,56.94141387939453,0.09751666337251663,56.85228729248047,0.09740000218153,20,1.0,Adam_3,250
453,139,08/16/21-205054,08/16/21-205106,12.675363063812256,1,746.4734497070312,0.09751666337251663,746.831298828125,0.09740000218153,15,5.0,Nadam_8,250
454,68,08/16/21-190539,08/16/21-190555,15.826778411865234,1,1075.240478515625,0.09751666337251663,1078.088623046875,0.09740000218153,10,5.0,RMSprop_9,250
455,265,08/16/21-231900,08/16/21-231910,10.398224115371702,1,2.412180662155152,0.09863333404064177,2.416031837463379,0.0957999974489212,25,2.0,AdaBeliefOptimizer_2,250
456,255,08/16/21-231149,08/16/21-231156,7.089692115783691,1,91.02719116210938,0.09863333404064177,91.39976501464844,0.0957999974489212,25,1.0,Adam_4,250
457,267,08/16/21-231918,08/16/21-231925,7.057016611099242,1,136.62059020996094,0.09863333404064177,137.89930725097656,0.0957999974489212,25,2.0,Adam_4,250
458,254,08/16/21-231141,08/16/21-231148,7.501178979873657,1,82.07886505126953,0.09863333404064177,82.41698455810547,0.0957999974489212,25,1.0,Adam_3,250
459,428,08/17/21-012657,08/17/21-012705,7.5712151527404785,1,1121.085693359375,0.09863333404064177,1124.7470703125,0.0957999974489212,35,5.0,RMSprop_9,250
460,108,08/16/21-202505,08/16/21-202519,14.795251846313475,1,2.391244649887085,0.09863333404064177,2.398087978363037,0.0957999974489212,15,1.0,AdaBeliefOptimizer_1,250
461,109,08/16/21-202520,08/16/21-202533,13.952176332473755,1,2.5098280906677246,0.09863333404064177,2.5130717754364014,0.0957999974489212,15,1.0,AdaBeliefOptimizer_2,250
462,471,08/17/21-020433,08/17/21-020439,6.039063453674316,1,63.29211807250977,0.09863333404064177,63.66518783569336,0.0957999974489212,40,1.0,Adam_4,250
463,486,08/17/21-021236,08/17/21-021242,6.046170234680176,1,28.148208618164066,0.09863333404064177,28.3016414642334,0.0957999974489212,40,2.0,Adamax_7,250
464,211,08/16/21-221701,08/16/21-221712,10.640360593795775,1,350.9940185546875,0.09863333404064177,352.4209289550781,0.0957999974489212,20,5.0,Nadam_8,250
465,209,08/16/21-221645,08/16/21-221653,7.474856615066527,1,2.4300107955932617,0.09863333404064177,2.4357593059539795,0.0957999974489212,20,5.0,Adagrad_6,250
466,205,08/16/21-221359,08/16/21-221411,12.14692735671997,1,3.1840028762817383,0.09863333404064177,3.192924976348877,0.0957999974489212,20,5.0,AdaBeliefOptimizer_2,250
467,200,08/16/21-220945,08/16/21-220955,10.060403585433962,1,352.1416320800781,0.09863333404064177,351.30841064453125,0.0957999974489212,20,2.0,RMSprop_9,250
468,192,08/16/21-220425,08/16/21-220437,12.461078643798828,1,2.518084049224853,0.09863333404064177,2.521447896957397,0.0957999974489212,20,2.0,AdaBeliefOptimizer_1,250
469,134,08/16/21-204729,08/16/21-204738,9.465132951736448,1,501.12353515625,0.09863333404064177,503.4845886230469,0.0957999974489212,15,5.0,Adam_3,250
470,116,08/16/21-203125,08/16/21-203137,11.909278154373169,1,105.78469848632812,0.09863333404064177,106.13849639892578,0.0957999974489212,15,1.0,RMSprop_9,250
471,327,08/17/21-001540,08/17/21-001547,6.380321741104126,1,46.42764663696289,0.09863333404064177,46.67821502685547,0.0957999974489212,30,1.0,Adam_4,250
472,284,08/16/21-232912,08/16/21-232921,9.238425731658936,1,988.4500732421876,0.09863333404064177,989.847412109375,0.0957999974489212,25,5.0,RMSprop_9,250
473,36,08/16/21-183150,08/16/21-183211,20.60032367706299,1,2.578690528869629,0.09863333404064177,2.58378005027771,0.0957999974489212,10,1.0,AdaBeliefOptimizer_1,250
474,425,08/17/21-012637,08/17/21-012643,5.996102809906006,1,3.5064682960510254,0.09863333404064177,3.5186328887939453,0.0957999974489212,35,5.0,Adagrad_6,250
475,50,08/16/21-184808,08/16/21-184820,12.243382692337036,1,146.38824462890625,0.09863333404064177,146.93692016601562,0.0957999974489212,10,2.0,Adam_3,250
476,37,08/16/21-183211,08/16/21-183230,19.084388256073,1,2.4893603324890137,0.09863333404064177,2.492626667022705,0.0957999974489212,10,1.0,AdaBeliefOptimizer_2,250
477,409,08/17/21-011838,08/17/21-011847,8.643940210342407,1,2.5468244552612305,0.09863333404064177,2.555713415145874,0.0957999974489212,35,2.0,AdaBeliefOptimizer_2,250
478,326,08/17/21-001533,08/17/21-001540,6.7821924686431885,1,59.58697891235352,0.09863333404064177,59.92796325683594,0.0957999974489212,30,1.0,Adam_3,250
479,314,08/17/21-000907,08/17/21-000914,6.783398151397705,1,3.0925309658050537,0.09863333404064177,3.0937716960906982,0.0957999974489212,30,0.1,Adam_3,250
480,183,08/16/21-215542,08/16/21-215550,7.914923429489137,1,50.2822151184082,0.09035000205039978,50.01280975341797,0.08919999748468399,20,1.0,Adam_4,250
481,38,08/16/21-183230,08/16/21-183242,12.302409410476685,1,60.44838333129883,0.09035000205039978,60.54119491577149,0.08919999748468399,10,1.0,Adam_3,250
482,403,08/17/21-011547,08/17/21-011555,7.872951984405518,1,76.8702392578125,0.09035000205039978,76.38417053222656,0.08919999748468399,35,1.0,Nadam_8,250
483,42,08/16/21-184025,08/16/21-184036,11.178273439407349,1,24.90932464599609,0.09035000205039978,24.62928009033203,0.08919999748468399,10,1.0,Adamax_7,250
484,128,08/16/21-204223,08/16/21-204235,11.83276629447937,1,516.3682250976561,0.09035000205039978,516.0657958984375,0.08919999748468399,15,2.0,RMSprop_9,250
485,494,08/17/21-021527,08/17/21-021534,6.256281852722168,1,498.8973388671875,0.09035000205039978,503.3829650878906,0.08919999748468399,40,5.0,Adam_3,250
486,404,08/17/21-011555,08/17/21-011602,7.526756048202515,1,147.4052276611328,0.09035000205039978,147.79307556152344,0.08919999748468399,35,1.0,RMSprop_9,250
487,33,08/16/21-182532,08/16/21-182546,13.7111656665802,1,15.513401985168455,0.09035000205039978,15.566753387451172,0.08919999748468399,10,0.1,RMSprop_10,250
488,206,08/16/21-221411,08/16/21-221420,8.406282663345339,1,354.5033874511719,0.09035000205039978,356.6471252441406,0.08919999748468399,20,5.0,Adam_3,250
489,207,08/16/21-221420,08/16/21-221427,7.822155475616455,1,337.4024658203125,0.09035000205039978,337.08367919921875,0.08919999748468399,20,5.0,Adam_4,250
490,396,08/17/21-011225,08/17/21-011234,9.015382766723633,1,2.444098234176636,0.09035000205039978,2.4444077014923096,0.08919999748468399,35,1.0,AdaBeliefOptimizer_1,250
491,489,08/17/21-021258,08/17/21-021304,6.546971321105957,1,289.2869873046875,0.09035000205039978,291.4047546386719,0.08919999748468399,40,2.0,RMSprop_10,250
492,391,08/17/21-010945,08/17/21-010952,7.936793565750122,1,6.847788333892822,0.09035000205039978,6.888700008392334,0.08919999748468399,35,0.1,Nadam_8,250
493,117,08/16/21-203137,08/16/21-203147,10.24036741256714,1,103.55264282226562,0.09035000205039978,103.49732971191406,0.08919999748468399,15,1.0,RMSprop_10,250
494,60,08/16/21-185954,08/16/21-190014,20.230335474014282,1,42.11322021484375,0.09035000205039978,41.9536361694336,0.08919999748468399,10,5.0,AdaBeliefOptimizer_1,250
495,353,08/17/21-003033,08/17/21-003039,6.075244903564452,1,2.458747148513794,0.09035000205039978,2.46138596534729,0.08919999748468399,30,5.0,Adagrad_6,250
496,482,08/17/21-020955,08/17/21-021001,6.309973955154419,1,144.8387908935547,0.09035000205039978,145.65460205078125,0.08919999748468399,40,2.0,Adam_3,250
497,342,08/17/21-002522,08/17/21-002528,6.440513610839844,1,41.39892959594727,0.09035000205039978,41.37170791625977,0.08919999748468399,30,2.0,Adamax_7,250
498,247,08/16/21-230805,08/16/21-230814,9.675433874130247,1,5.671028137207031,0.09035000205039978,5.680008411407472,0.08919999748468399,25,0.1,Nadam_8,250
499,458,08/17/21-015902,08/17/21-015908,6.288370609283447,1,2.597286462783813,0.09035000205039978,2.5947415828704834,0.08919999748468399,40,0.1,Adam_3,250
500,333,08/17/21-001912,08/17/21-001919,7.038694381713867,1,171.4040985107422,0.09035000205039978,172.4348907470703,0.08919999748468399,30,1.0,RMSprop_10,250
501,463,08/17/21-020146,08/17/21-020154,7.5874059200286865,1,7.342634677886963,0.09035000205039978,7.323158740997314,0.08919999748468399,40,0.1,Nadam_8,250
502,321,08/17/21-001241,08/17/21-001248,7.091702699661255,1,16.595279693603516,0.09035000205039978,16.612892150878903,0.08919999748468399,30,0.1,RMSprop_10,250
503,469,08/17/21-020418,08/17/21-020427,8.249132394790651,1,2.50600814819336,0.09035000205039978,2.5022692680358887,0.08919999748468399,40,1.0,AdaBeliefOptimizer_2,250
